City_ID,City,Lat,Lng,Max Temp,Humidity,Cloudiness,Wind Speed,Country,Date
0,sorong,-0.8833,131.25,26.73,83,100,3.15,ID,1742427448
1,kruisfontein,-34.0033,24.7314,23.33,38,0,2.33,ZA,1742427449
2,ushuaia,-54.8,-68.3,7.81,76,75,12.86,AR,1742427373
3,mafinga,-7.25,35.0667,17.97,95,83,0.97,TZ,1742427452
4,vilhena,-12.7406,-60.1458,22.12,100,75,4.12,BR,1742427453
5,al hawatah,13.4167,34.6333,30.07,16,14,3.84,SD,1742427454
6,novaya tavolzhanka,50.3512,36.8298,1.65,87,70,3.03,RU,1742427455
7,adamstown,-25.066,-130.1015,24.83,73,100,1.83,PN,1742427456
8,paphos,34.7667,32.4167,11.88,50,68,2.57,CY,1742427458
9,whitehorse,60.7161,-135.0538,3.34,64,40,4.63,CA,1742427459
10,touros,-5.1989,-35.4608,26.54,75,5,5.08,BR,1742427460
11,tiksi,71.6872,128.8694,-22.2,98,88,0.75,RU,1742427461
12,la'ie,21.6477,-157.9253,25.98,83,100,2.68,US,1742427463
13,ulladulla,-35.35,150.4667,27.65,52,42,3.81,AU,1742427464
14,grytviken,-54.2811,-36.5092,3.51,86,22,2.21,GS,1742427465
15,arak,34.0917,49.6892,10.73,46,2,3.48,IR,1742427466
16,trincomalee,8.5711,81.2335,28.28,73,18,5.87,LK,1742427467
17,san jose,37.3394,-121.895,17.98,55,75,6.17,US,1742427258
18,moussoro,13.6408,16.4901,28.47,12,7,4.96,TD,1742427469
19,illizi,26.4833,8.4667,24.65,17,46,2.06,DZ,1742427470
20,longyearbyen,78.2186,15.6401,-16.09,66,20,5.66,SJ,1742427472
21,vorgashor,67.5833,63.95,-9.68,84,100,6.89,RU,1742427473
22,el sauzal de rodriguez,31.9,-116.6833,17.34,51,0,3.06,MX,1742427474
23,utrik,11.2278,169.8474,26.82,76,54,9.59,MH,1742427475
24,buka,40.8108,69.1986,14.57,26,0,0.57,UZ,1742427476
25,la passe,45.5549,-0.8967,10.85,82,14,8.82,FR,1742427477
26,port-aux-francais,-49.35,70.2167,6.19,79,97,13.36,TF,1742427478
27,kodiak,57.79,-152.4072,3.73,70,75,5.66,US,1742427480
28,invercargill,-46.4,168.35,18.34,68,6,1.79,NZ,1742427481
29,puerto natales,-51.7236,-72.4875,7.79,76,69,6.57,CL,1742427482
30,fougamou,-1.2154,10.5838,23.81,98,89,0.39,GA,1742427483
31,iqaluit,63.7506,-68.5145,-20.15,65,75,2.06,CA,1742427485
32,lompoc,34.6391,-120.4579,16.94,63,0,6.17,US,1742427486
33,west island,-12.1568,96.8225,26.99,89,75,7.2,CC,1742427487
34,kingston,17.997,-76.7936,28.53,54,20,5.14,JM,1742427488
35,talnakh,69.4865,88.3972,-18.63,97,96,3.73,RU,1742427489
36,nova vicosa,-17.8919,-39.3719,26.34,79,1,4.66,BR,1742427490
37,laojunmiao,39.8333,97.7333,-0.61,28,1,1.71,CN,1742427492
38,edinburgh of the seven seas,-37.0676,-12.3116,13.37,65,86,7.09,SH,1742427493
39,ribeira grande,38.5167,-28.7,14.32,77,40,8.75,PT,1742427494
40,waitangi,-43.9535,-176.5597,15.22,89,77,6.99,NZ,1742427495
41,port alfred,-33.5906,26.891,23.68,69,0,3.01,ZA,1742427497
42,tilcara,-23.5776,-65.3509,9.17,93,100,1.89,AR,1742427498
43,sisimiut,66.9395,-53.6735,-8.81,72,100,6.85,GL,1742427499
44,skiathos,39.1623,23.4909,4.98,47,1,1.09,GR,1742427500
45,jamestown,42.097,-79.2353,22.8,15,0,5.14,US,1742427483
46,saipan,15.1355,145.701,28.14,85,40,5.14,MP,1742427502
47,qaqortoq,60.7167,-46.0333,-9.73,76,58,7.17,GL,1742427504
48,ancud,-41.8697,-73.8203,14.27,97,100,4.34,CL,1742427424
49,enid,36.3956,-97.8784,8.09,38,100,15.43,US,1742427506
50,sitka,57.0531,-135.33,7.94,66,40,4.12,US,1742427507
51,sainte-anne-des-monts,49.124,-66.4924,-0.07,86,100,3.6,CA,1742427508
52,papatowai,-46.5619,169.4708,18.29,55,1,2.99,NZ,1742427510
53,ilulissat,69.2167,-51.1,-6.99,79,100,4.63,GL,1742427511
54,tarawa,1.419,172.984,30.05,74,75,4.63,KI,1742427512
55,bilibino,68.0546,166.4372,-20.2,74,11,0.86,RU,1742427513
56,albany,42.6001,-73.9662,18.36,61,89,4.45,US,1742427453
57,yellowknife,62.456,-114.3525,-15.88,69,20,4.12,CA,1742427515
58,hawaiian paradise park,19.5933,-154.9731,23.74,91,100,2.06,US,1742427517
59,olonkinbyen,70.9221,-8.7187,-7.07,59,95,4.94,SJ,1742427518
60,concepcion del oro,24.6333,-101.4167,17.8,9,0,7.83,MX,1742427519
61,blackmans bay,-43.0167,147.3167,22.63,59,86,0.89,AU,1742427520
62,mo i rana,66.3128,14.1428,-1.74,93,97,0.0,NO,1742427368
63,mount pearl,47.5166,-52.7813,-0.48,96,100,5.14,CA,1742427522
64,vilyuchinsk,52.9306,158.4028,-7.85,61,35,3.56,RU,1742427524
65,georgetown,5.4112,100.3354,27.96,72,20,3.6,MY,1742427473
66,hermanus,-34.4187,19.2345,21.39,69,0,2.43,ZA,1742427526
67,nyurba,63.2842,118.3319,-6.93,87,100,7.08,RU,1742427527
68,natal,-5.795,-35.2094,28.12,78,40,4.12,BR,1742427528
69,weno,7.4515,151.8468,29.97,70,100,4.63,FM,1742427529
70,bokoro,12.3807,17.0568,28.93,13,4,4.78,TD,1742427531
71,lebu,-37.6167,-73.65,14.95,85,7,5.74,CL,1742427302
72,narathiwat,6.3333,101.75,23.92,90,97,1.91,TH,1742427533
73,margate,51.3813,1.3862,9.27,83,89,2.2,GB,1742427244
74,holualoa,19.6228,-155.9522,25.31,76,40,5.14,US,1742427536
75,port blair,11.6667,92.75,27.02,89,40,1.03,IN,1742427537
76,thompson,55.7435,-97.8558,-7.91,41,20,5.66,CA,1742427516
77,altamira,-3.2033,-52.2064,25.05,94,75,1.54,BR,1742427319
78,benguela,-12.5763,13.4055,26.17,85,91,1.86,AO,1742427540
79,aleksandrovsk-sakhalinskiy,50.8975,142.1561,-3.81,78,17,2.87,RU,1742427541
80,ad-damazin,11.7891,34.3592,30.21,19,62,3.77,SD,1742427543
81,veselynove,47.3567,31.2349,4.33,72,89,2.28,UA,1742427544
82,virginia,37.5481,-77.4467,21.17,38,100,5.66,US,1742427545
83,bredasdorp,-34.5322,20.0403,20.14,79,20,1.81,ZA,1742427546
84,sinop,41.7711,34.8709,-4.11,98,96,1.8,TR,1742427547
85,wailua homesteads,22.0669,-159.378,24.51,82,75,7.72,US,1742427548
86,dali,25.7,100.1833,6.47,83,93,1.52,CN,1742427549
87,lauro de freitas,-12.8944,-38.3272,28.01,74,40,5.14,BR,1742427268
88,psachna,38.5833,23.6333,2.14,62,4,2.56,GR,1742427552
89,plastun,44.7561,136.2939,1.95,50,58,0.97,RU,1742427553
90,college,64.8569,-147.8028,-3.63,45,40,3.6,US,1742427554
91,vila velha,-20.3297,-40.2925,23.97,88,0,1.03,BR,1742427555
92,mil'kovo,55.6078,37.7956,2.97,63,34,4.28,RU,1742427556
93,smithers,54.7804,-127.1743,4.18,65,100,4.12,CA,1742427558
94,uturoa,-16.7333,-151.4333,28.37,74,22,4.15,PF,1742427559
95,ketchikan,55.3422,-131.6461,5.26,91,100,2.06,US,1742427560
96,cadale,2.7603,46.3222,27.19,79,85,5.7,SO,1742427561
97,mejit,10.2753,170.8646,26.83,78,67,9.27,MH,1742427562
98,st. john's,47.5649,-52.7093,-0.02,95,100,5.81,CA,1742427540
99,quimili,-27.6333,-62.4167,26.71,26,0,4.25,AR,1742427403
100,queenstown,-31.8976,26.8753,16.63,61,0,0.77,ZA,1742427566
101,tralee,52.2704,-9.7026,6.35,97,55,3.03,IE,1742427567
102,huarmey,-10.0681,-78.1522,23.18,78,97,4.24,PE,1742427568
103,camiri,-20.05,-63.5167,21.19,82,67,0.94,BO,1742427570
104,baltasi,56.3462,50.2062,-4.58,89,64,6.77,RU,1742427571
105,ma'ili,21.4219,-158.1803,27.01,70,100,5.14,US,1742427572
106,aasiaat,68.7098,-52.8699,-9.94,79,100,5.2,GL,1742427573
107,hadibu,12.65,54.0333,25.29,74,58,3.17,YE,1742427574
108,east london,-33.0153,27.9116,22.88,81,0,3.73,ZA,1742427576
109,rio gallegos,-51.6226,-69.2181,13.03,41,0,12.86,AR,1742427507
110,kapuskasing,49.4169,-82.4331,2.0,64,100,2.57,CA,1742427578
111,isafjordur,66.0755,-23.124,2.43,95,100,5.11,IS,1742427579
112,san luis de la loma,17.2706,-100.8939,28.07,53,37,5.33,MX,1742427580
113,ghormach,35.7306,63.7826,16.81,23,0,2.75,AF,1742427581
114,pangani,-5.4333,38.9667,25.89,87,79,2.63,TZ,1742427582
115,veraval,20.9,70.3667,22.78,61,0,5.2,IN,1742427584
116,jatiroto,-7.8833,111.1167,25.19,87,32,0.67,ID,1742427585
117,bethel,41.3712,-73.414,10.77,54,50,2.1,US,1742427586
118,steamboat springs,40.485,-106.8317,-0.92,54,75,3.6,US,1742427587
119,igarka,67.4667,86.5833,-18.13,98,98,3.93,RU,1742427588
120,happy valley-goose bay,53.3168,-60.3315,-4.83,54,20,2.57,CA,1742427589
121,haiku-pauwela,20.9219,-156.3051,24.03,77,40,12.07,US,1742427590
122,castrovillari,39.8203,16.2123,3.08,71,0,0.95,IT,1742427592
123,kangding,30.0513,101.9603,-2.64,93,94,1.44,CN,1742427593
124,baruun-urt,46.6806,113.2792,2.25,64,75,5.07,MN,1742427594
125,birni n konni,13.7956,5.2553,27.39,6,100,4.9,NE,1742427595
126,monrovia,6.3005,-10.7969,25.53,87,99,0.88,LR,1742427429
127,veinticinco de mayo,-35.4323,-60.1727,22.77,84,1,1.65,AR,1742427537
128,porto seguro,-16.4497,-39.0647,27.29,83,20,4.12,BR,1742427598
129,okha,53.5739,142.9478,-8.22,90,98,2.99,RU,1742427600
130,nikolayevsk-on-amure,53.1406,140.73,-5.37,85,69,1.3,RU,1742427601
131,klyuchi,52.2667,79.1667,0.33,75,60,5.49,RU,1742427602
132,newman,37.3138,-121.0208,17.25,54,99,1.79,US,1742427552
133,gurlan,41.8447,60.3919,19.16,21,100,2.64,UZ,1742427605
134,badger,64.8,-147.5333,-3.69,53,75,3.6,US,1742427606
135,afaahiti,-17.75,-149.2833,26.61,76,11,3.32,PF,1742427608
136,sao jose da coroa grande,-8.8978,-35.1478,26.72,77,8,4.38,BR,1742427609
137,jiexiu,37.0244,111.9125,8.28,25,0,3.28,CN,1742427610
138,nuuk,64.1835,-51.7216,-8.66,79,75,1.54,GL,1742427611
139,port mathurin,-19.6833,63.4167,27.55,77,76,8.24,MU,1742427612
140,puerto aysen,-45.4,-72.7,13.08,99,100,2.35,CL,1742427613
141,keflavik,64.0049,-22.5624,7.24,93,100,12.86,IS,1742427615
142,kourou,5.1552,-52.6478,24.7,85,27,3.03,GF,1742427616
143,kristiansund,63.1115,7.732,5.36,56,100,3.09,NO,1742427617
144,arroyo de la luz,39.4851,-6.584,14.45,53,97,8.62,ES,1742427618
145,christchurch,-43.5333,172.6333,19.62,63,75,2.06,NZ,1742427509
146,puerto ayora,-0.7393,-90.3518,27.53,93,54,1.79,EC,1742427620
147,kaitong,44.8135,123.15,7.48,32,49,6.36,CN,1742427621
148,tura,25.5198,90.2201,19.45,30,0,2.18,IN,1742427623
149,zheleznogorsk-ilimskiy,56.5768,104.1217,0.22,99,100,1.44,RU,1742427624
150,khovd,48.0056,91.6419,-7.91,74,1,1.05,MN,1742427625
151,kuta,-8.7233,115.1723,27.97,89,20,5.14,ID,1742427626
152,amurzet,47.6967,131.0981,-2.97,96,93,1.46,RU,1742427627
153,jayapura,-2.5333,140.7,27.66,89,88,2.09,ID,1742427469
154,margaret river,-33.95,115.0667,15.0,61,4,2.62,AU,1742427629
155,ribeira brava,32.65,-17.0667,15.95,73,25,8.25,PT,1742427631
156,toliara,-23.35,43.6667,23.88,69,56,4.55,MG,1742427632
157,vallegrande,-18.4897,-64.1069,15.81,94,96,1.77,BO,1742427633
158,port elizabeth,-33.918,25.5701,23.51,66,0,1.79,ZA,1742427634
159,yerofey pavlovich,53.9667,121.9667,-2.94,81,90,1.4,RU,1742427635
160,merizo village,13.2658,144.6691,29.43,82,83,6.97,GU,1742427636
161,shamil'kala,42.6858,46.8639,2.56,95,100,1.44,RU,1742427637
162,jumla,29.2747,82.1838,2.78,30,0,3.07,NP,1742427543
163,saudarkrokur,65.7461,-19.6394,2.69,83,100,5.58,IS,1742427640
164,enewetak,11.3474,162.3373,26.67,82,100,8.83,MH,1742427641
165,talcahuano,-36.7167,-73.1167,14.82,82,0,4.63,CL,1742427642
166,bengkulu,-3.8004,102.2655,24.02,76,74,1.77,ID,1742427643
167,tuy hoa,13.0833,109.3,20.32,87,100,3.78,VN,1742427645
168,pangai,-19.8,-174.35,29.06,79,40,4.63,TO,1742427646
169,katiola,8.1333,-5.1,25.74,71,90,2.89,CI,1742427647
170,zhosaly,45.4878,64.0781,15.22,38,100,5.05,KZ,1742427648
171,lamarque,-39.423,-65.7021,27.78,38,33,2.88,AR,1742427649
172,naze,28.3667,129.4833,11.51,61,100,5.02,JP,1742427650
173,tan-tan,28.438,-11.1032,16.36,74,0,3.4,MA,1742427651
174,sedhiou,12.7081,-15.5569,24.22,54,14,2.37,SN,1742427653
175,sanctuary point,-35.1114,150.629,26.42,57,30,4.66,AU,1742427654
176,namtsy,62.7161,129.6658,-16.28,91,100,4.42,RU,1742427655
177,kerema,-7.9631,145.7785,27.73,80,94,1.59,PG,1742427656
178,fort mcmurray,56.7268,-111.381,3.77,41,100,2.06,CA,1742427657
179,queimadas,-10.9783,-39.6264,26.29,63,38,7.02,BR,1742427658
180,howard springs,-12.497,131.047,25.95,100,98,1.24,AU,1742427659
181,sidi ifni,29.3797,-10.173,16.73,71,2,3.73,MA,1742427661
182,rio grande,-32.035,-52.0986,21.08,76,0,3.86,BR,1742427662
183,vadso,70.0744,29.7487,-5.91,93,100,7.2,NO,1742427663
184,jalai nur,49.45,117.7,1.5,85,72,5.56,CN,1742427664
185,itoman,26.1247,127.6694,16.21,50,75,4.63,JP,1742427666
186,kill devil hills,36.0307,-75.676,11.01,64,0,3.09,US,1742427667
187,vila franca do campo,37.7167,-25.4333,13.23,79,33,10.75,PT,1742427668
188,majano,46.1875,13.0616,3.95,78,4,1.28,IT,1742427669
189,novosergiyevka,52.0934,53.6528,-0.89,88,100,2.58,RU,1742427670
190,cockburn town,21.4612,-71.1419,23.39,60,0,7.72,TC,1742427672
191,port macquarie,-31.4333,152.9167,22.82,79,96,0.89,AU,1742427673
192,ettlingen,48.9409,8.4076,3.81,68,2,1.31,DE,1742427674
193,kharkhorin,47.1975,102.8238,0.55,42,4,2.7,MN,1742427675
194,vilyuysk,63.7553,121.6247,-8.72,95,100,2.86,RU,1742427676
195,saint-joseph,-21.3667,55.6167,24.21,83,82,3.19,RE,1742427677
196,luorong,24.4058,109.6086,16.18,44,90,2.36,CN,1742427679
197,molochnyy,68.8539,33.0205,-7.69,86,0,2.0,RU,1742427680
198,stanley,54.868,-1.6985,-0.83,100,11,0.0,GB,1742427681
199,masterton,-40.9597,175.6575,18.16,57,99,5.09,NZ,1742427682
200,leava,-14.3,-178.1667,28.56,74,47,4.2,WF,1742427683
201,mount isa,-20.7333,139.5,24.87,100,100,4.63,AU,1742427685
202,puerto baquerizo moreno,-0.9,-89.6,27.05,74,54,3.71,EC,1742427686
203,valparaiso,-33.0393,-71.6273,18.13,79,100,2.06,CL,1742427415
204,puerto cabezas,14.0351,-83.3888,27.98,89,40,3.09,NI,1742427688
205,egilsstadir,65.2653,-14.3948,1.95,75,0,1.54,IS,1742427689
206,rezekne,56.5,27.3167,-0.44,93,62,3.18,LV,1742427690
207,bel ombre,-4.6167,55.4167,27.91,89,40,3.6,SC,1742427691
208,shiprock,36.7855,-108.687,7.02,16,0,7.64,US,1742427693
209,lihue,21.9789,-159.3672,24.85,69,75,7.72,US,1742427423
210,san antonio de pale,-1.4014,5.6325,27.66,74,75,3.09,GQ,1742427695
211,hamilton,39.1834,-84.5333,19.97,58,100,7.2,US,1742427593
212,veigne,47.2856,0.7408,9.52,72,0,2.06,FR,1742427697
213,karachayevsk,43.774,41.9142,-3.32,93,100,1.89,RU,1742427698
214,avarua,-21.2078,-159.775,30.03,66,75,3.6,CK,1742427699
215,mitsamiouli,-11.3847,43.2844,27.97,74,97,1.93,KM,1742427700
216,palikir - national government center,6.9248,158.1611,25.52,91,75,5.14,FM,1742427702
217,udaipur,24.5712,73.6918,19.5,27,0,2.62,IN,1742427703
218,hasaki,35.7333,140.8333,6.67,84,100,6.14,JP,1742427705
219,itapecuru mirim,-3.3925,-44.3586,24.49,94,95,1.63,BR,1742427706
220,sarrebourg,48.7333,7.05,6.31,72,20,1.74,FR,1742427707
221,olyokminsk,60.3736,120.4264,-3.95,84,100,7.03,RU,1742427708
222,flin flon,54.7682,-101.865,-3.09,50,20,2.57,CA,1742427709
223,anadyr,64.75,177.4833,-27.72,75,20,2.0,RU,1742427711
224,arraial do cabo,-22.9661,-42.0278,23.92,94,75,2.57,BR,1742427707
225,bandarbeyla,9.4942,50.8122,26.43,72,99,4.11,SO,1742427713
226,guerrero negro,27.9769,-114.0611,24.62,19,0,2.88,MX,1742427714
227,saint-pierre,-21.3393,55.4781,24.82,78,0,2.06,RE,1742427715
228,scarborough,54.2797,-0.4044,4.35,48,47,2.16,GB,1742427716
229,krasnyy yar,46.5331,48.3456,4.81,64,100,3.88,RU,1742427718
230,howrah,22.5892,88.3103,27.0,89,20,4.12,IN,1742427719
231,blenheim,-41.516,173.9528,20.29,61,25,7.16,NZ,1742427720
232,winchester,51.0651,-1.3187,9.57,83,100,0.51,GB,1742427566
233,preobrazheniye,42.9019,133.9064,3.47,54,48,4.67,RU,1742427722
234,chegdomyn,51.1167,133.0167,-7.7,88,100,0.77,RU,1742427723
235,ajdabiya,30.7554,20.2263,12.52,50,0,7.32,LY,1742427725
236,joure,52.9657,5.803,7.99,1,4,1.79,NL,1742427726
237,prineville,44.2999,-120.8345,9.99,41,20,8.23,US,1742427727
238,iskateley,67.6803,53.1512,-4.41,94,100,6.17,RU,1742427728
239,hukumati azrah,34.1736,69.6457,-0.27,39,0,0.76,AF,1742427729
240,bogorodskoye,56.55,37.8833,-1.09,85,12,4.83,RU,1742427732
241,magong,23.5654,119.5863,17.9,65,5,11.52,TW,1742427733
242,ugoofaaru,5.6667,73.0,28.16,77,68,4.68,MV,1742427734
243,richards bay,-28.783,32.0377,20.27,88,3,3.05,ZA,1742427735
244,castillos,-34.1667,-53.8333,18.89,82,29,2.28,UY,1742427736
245,rifle,39.5347,-107.7831,4.33,26,75,6.17,US,1742427737
246,monte argentario,42.4345,11.1195,4.88,93,2,2.06,IT,1742427739
247,bardai,11.65,7.2333,24.43,4,99,3.32,NG,1742427740
248,constantia,44.1833,28.65,2.61,68,53,3.88,RO,1742427741
249,uchaly,54.2996,59.4521,0.15,99,100,0.45,RU,1742427742
250,shuangjiang,26.1547,109.7138,10.14,71,5,0.75,CN,1742427743
251,nasir,15.5894,32.5634,28.98,14,0,5.26,SD,1742427744
252,iwon-up,40.3231,128.6553,5.84,44,5,1.38,KP,1742427745
253,fale old settlement,-9.3852,-171.2468,28.41,72,52,2.43,TK,1742427747
254,barra de santo antonio,-9.4047,-35.5072,26.69,78,16,5.21,BR,1742427748
255,tutong,4.8,114.65,26.8,88,100,4.78,BN,1742427749
256,sault ste. marie,46.5168,-84.3333,2.16,87,100,4.12,CA,1742427738
257,tamandare,-8.7597,-35.1047,26.49,78,8,3.81,BR,1742427751
258,kone,-21.0595,164.8658,28.42,68,91,2.04,NC,1742427752
259,dudinka,69.4058,86.1778,-19.76,98,86,4.97,RU,1742427753
260,nelson bay,-32.7167,152.15,25.62,67,92,3.13,AU,1742427755
261,carnarvon,-24.8667,113.6333,24.72,54,0,9.61,AU,1742427756
262,ust-nera,64.5667,143.2,-22.39,93,62,0.47,RU,1742427757
263,zabol,32.25,67.25,8.83,35,1,0.73,AF,1742427758
264,taco pozo,-25.6167,-63.2833,25.19,47,0,2.47,AR,1742427759
265,awjilah,29.1081,21.2869,13.78,46,0,6.49,LY,1742427760
266,fort bragg,35.139,-79.006,24.91,20,0,2.57,US,1742427761
267,port saint john's,-31.6229,29.5448,22.17,89,6,4.27,ZA,1742427763
268,sur,22.5667,59.5289,23.15,41,0,1.7,OM,1742427764
269,hami,42.8,93.45,6.6,22,0,3.78,CN,1742427765
270,alibag,18.6411,72.8792,26.13,55,0,4.06,IN,1742427766
271,broken hill,-31.95,141.4333,27.28,49,26,9.66,AU,1742427767
272,sortavala,61.7053,30.6918,-5.13,93,81,2.56,RU,1742427769
273,faya-largeau,17.9257,19.1043,27.76,10,1,6.25,TD,1742427770
274,nar'yan-mar,67.6713,53.087,-4.44,94,100,6.09,RU,1742427771
275,laguna,38.421,-121.4238,17.26,49,0,4.63,US,1742427772
276,itamaraca,-7.7478,-34.8256,26.9,76,4,4.07,BR,1742427773
277,badiyah,22.45,58.8,20.01,35,0,1.53,OM,1742427774
278,coquimbo,-29.9533,-71.3436,17.85,87,75,3.6,CL,1742427155
279,nemuro,43.3236,145.575,-1.22,95,100,2.44,JP,1742427777
280,hovd,48.0056,91.6419,-7.91,74,1,1.05,MN,1742427778
281,hotan,37.0997,79.9269,5.81,23,50,1.57,CN,1742427779
282,ola,59.5833,151.2833,-15.16,79,63,1.25,RU,1742427780
283,soure,-0.7167,-48.5233,25.37,89,98,4.49,BR,1742427781
284,ta`u,-14.2336,-169.5144,28.43,78,93,6.65,AS,1742427782
285,bandundu,-3.3167,17.3667,22.62,92,98,1.29,CD,1742427784
286,westport,41.1415,-73.3579,11.51,53,0,4.12,US,1742427785
287,nova xavantina,-14.6667,-52.35,25.08,78,69,2.07,BR,1742427786
288,alesund,62.4723,6.1549,5.08,60,100,4.63,NO,1742427787
289,inirida,3.8653,-67.9239,27.3,76,96,0.72,CO,1742427788
290,labrador city,52.9463,-66.9114,-3.05,50,75,2.06,CA,1742427549
291,zhangye,38.9342,100.4517,2.1,32,0,2.47,CN,1742427790
292,arteche,12.2645,125.4048,25.17,92,100,8.21,PH,1742427792
293,khandyga,62.6667,135.6,-18.76,84,22,1.7,RU,1742427793
294,clarence town,-32.5833,151.7833,22.95,51,84,0.92,AU,1742427794
295,cabedelo,-6.9811,-34.8339,27.37,76,26,5.41,BR,1742427796
296,beboto,8.2668,16.939,28.88,32,94,0.92,TD,1742427797
297,colonia,50.9333,6.95,9.58,53,0,2.06,DE,1742427659
298,minas de barroteran,27.6333,-101.2833,26.04,7,83,7.52,MX,1742427799
299,polyarnyy,69.1989,33.4478,-6.61,86,99,9.83,RU,1742427800
300,pindi bhattian,31.8978,73.273,15.33,38,2,2.44,PK,1742427802
301,yulinshi,38.2906,109.7494,3.25,29,0,3.28,CN,1742427803
302,portland,45.5234,-122.6762,13.2,57,100,6.17,US,1742427672
303,pyt-yakh,60.7499,72.8582,-12.78,100,98,1.32,RU,1742427805
304,quellon,-43.1167,-73.6167,13.5,98,99,3.88,CL,1742427806
305,coldwater,41.9403,-85.0005,14.53,74,96,4.92,US,1742427808
306,albertina,-22.2008,-46.6158,17.55,96,82,0.82,BR,1742427809
307,fort st. john,56.2499,-120.8529,5.94,45,40,4.12,CA,1742427810
308,susuman,62.7833,148.1667,-21.19,90,100,0.75,RU,1742427811
309,zyryanskoye,56.8306,86.6258,2.5,75,98,6.46,RU,1742427812
310,pilona,43.35,-5.3667,11.86,73,100,2.8,ES,1742427813
311,greymouth,-42.4667,171.2,20.01,46,35,1.44,NZ,1742427815
312,hailar,49.2,119.7,-2.34,93,31,4.3,CN,1742427816
313,kem',64.9555,34.5793,-8.75,88,32,5.36,RU,1742427817
314,fortuna,40.5982,-124.1573,8.53,93,100,7.2,US,1742427818
315,mar del plata,-38.0023,-57.5575,21.08,90,100,4.63,AR,1742427550
316,sao vicente,-23.9631,-46.3919,23.83,26,47,3.13,BR,1742427821
317,pisco,-13.7,-76.2167,23.03,68,0,5.66,PE,1742427822
318,las khorey,11.1595,48.1967,26.26,75,81,2.26,SO,1742427823
319,las lomas,8.4333,-82.4,30.67,66,0,3.58,PA,1742427825
320,tarcento,46.2122,13.2258,3.6,78,2,1.18,IT,1742427668
321,dryden,49.7833,-92.7503,-1.84,34,0,5.66,CA,1742427827
322,nellore,14.4333,79.9667,23.03,93,0,2.58,IN,1742427828
323,abu zabad,12.35,29.25,25.96,12,44,6.19,SD,1742427830
324,canas,10.4294,-85.0931,29.91,44,38,7.26,CR,1742427706
325,petropavlovsk-kamchatsky,53.0452,158.6483,-7.67,45,75,3.0,RU,1742427832
326,hirara,24.8,125.2833,16.15,51,40,6.69,JP,1742427625
327,zheleznodorozhnyy,55.7503,38.0042,1.16,84,26,3.92,RU,1742427835
328,nema,57.5067,50.5011,-4.06,95,100,5.18,RU,1742427836
329,chiredzi,-21.05,31.6667,19.6,78,86,1.84,ZW,1742427837
330,lata,40.1629,-8.3327,18.05,42,100,10.5,PT,1742427838
331,vikasnagar,30.4683,77.775,16.97,34,0,4.03,IN,1742427839
332,prado,-17.3411,-39.2208,26.63,78,0,5.52,BR,1742427840
333,kogalym,62.2654,74.4791,-17.26,100,78,2.69,RU,1742427841
334,astrakhan,46.3497,48.0408,3.93,75,0,5.0,RU,1742427654
335,lorengau,-2.0226,147.2712,29.61,69,43,5.45,PG,1742427844
336,taloqan,36.7361,69.5345,13.72,31,0,2.91,AF,1742427845
337,central point,42.376,-122.9164,14.8,44,0,3.58,US,1742427846
338,orapa,-21.2833,25.3667,19.85,59,74,4.1,BW,1742427847
339,udachny,66.4167,112.4,-14.75,88,99,8.44,RU,1742427848
340,balqash,46.8481,74.995,-1.68,75,0,4.58,KZ,1742427849
341,khark,29.2614,50.3306,20.95,68,0,4.12,IR,1742427851
342,yaren,-0.5472,166.916,26.92,83,100,6.35,NR,1742427852
343,teodoro sampaio,-22.5325,-52.1675,25.24,59,41,2.01,BR,1742427853
344,new norfolk,-42.7826,147.0587,23.29,26,91,2.56,AU,1742427854
345,crane,31.3974,-102.3501,16.17,11,0,7.63,US,1742427855
346,bonner,48.8333,-117.0013,1.8,87,100,0.16,US,1742427856
347,campo gallo,-26.5833,-62.85,26.36,34,0,2.89,AR,1742427857
348,kaduy,59.2,37.15,-3.12,81,12,3.48,RU,1742427859
349,tongliao,43.6125,122.2653,7.59,28,42,5.49,CN,1742427860
350,punta arenas,-53.15,-70.9167,8.06,87,40,10.29,CL,1742427847
351,atafu village,-8.5421,-172.5159,28.65,70,57,2.52,TK,1742427862
352,walvis bay,-22.9575,14.5053,19.53,94,100,5.14,,1742427864
353,st. albert,53.6334,-113.6353,5.14,33,40,3.09,CA,1742427865
354,seeb,23.6703,58.1891,22.05,37,0,1.03,OM,1742427866
355,gadzhiyevo,69.2551,33.3362,-6.72,88,99,9.89,RU,1742427867
356,minas de marcona,-15.2119,-75.1103,18.39,72,5,5.36,PE,1742427868
357,sao carlos,-22.0175,-47.8908,19.24,90,35,6.08,BR,1742427869
358,snowflake,34.5134,-110.0785,8.62,11,0,4.36,US,1742427871
359,kutum,14.2,24.6667,20.99,13,0,4.81,SD,1742427872
360,harstad,68.799,16.5293,-3.25,92,100,2.68,NO,1742427873
361,ulsteinvik,62.3432,5.8487,5.5,77,100,5.81,NO,1742427874
362,saint-philippe,-21.3585,55.7679,26.49,87,76,3.11,RE,1742427875
363,teknaf,20.8624,92.3058,22.7,97,43,1.61,BD,1742427876
364,tera,14.0078,0.7531,29.72,7,15,3.09,NE,1742427877
365,cartagena del chaira,1.3349,-74.8429,23.47,93,88,0.22,CO,1742427879
366,guanica,17.9716,-66.908,24.72,57,40,3.52,PR,1742427880
367,fuerte olimpo,-21.0415,-57.8738,27.55,49,15,1.91,PY,1742427881
368,pampa,35.5362,-100.9599,8.02,39,75,10.29,US,1742427882
369,guangming,45.3333,122.7833,7.31,36,65,6.24,CN,1742427883
370,cooma,-36.2333,149.1333,22.99,51,77,6.27,AU,1742427885
371,ilomantsi,62.6716,30.9328,-10.15,92,14,2.37,FI,1742427886
372,laminusa,5.5549,120.9136,27.66,77,82,2.97,PH,1742427887
373,ghat,24.9647,10.1728,26.85,19,65,1.74,LY,1742427888
374,tazovsky,67.4667,78.7,-19.16,100,95,3.6,RU,1742427889
375,sao bernardo,-3.3614,-42.4178,23.2,94,70,1.76,BR,1742427890
376,kargasok,59.0556,80.8572,0.25,99,100,1.78,RU,1742427891
377,hithadhoo,-0.6,73.0833,27.95,69,92,1.72,MV,1742427893
378,maloye ganyushkino,46.6,49.2667,5.38,64,100,4.62,KZ,1742427894
379,grande prairie,55.1667,-118.8027,4.1,45,75,2.57,CA,1742427895
380,mount gambier,-37.8333,140.7667,25.15,34,93,5.34,AU,1742427897
381,el banco,9.0011,-73.9758,27.54,75,91,1.25,CO,1742427898
382,avola,36.9113,15.1395,11.96,73,39,2.66,IT,1742427899
383,chuhar jamali,24.3895,67.9923,22.9,79,0,4.16,PK,1742427900
384,phan rang-thap cham,11.5667,108.9833,23.85,67,100,4.85,VN,1742427901
385,bereznehuvate,47.3078,32.8499,3.83,73,100,2.42,UA,1742427902
386,gorontalo,0.5412,123.0595,27.22,81,99,0.94,ID,1742427903
387,sunne,59.8376,13.143,0.42,86,50,1.24,SE,1742427905
388,divnomorskoye,44.5011,38.1353,1.22,66,54,4.71,RU,1742427906
389,barinas,8.6226,-70.2075,29.48,60,97,0.66,VE,1742427907
390,namibe,-15.1961,12.1522,23.57,85,87,2.01,AO,1742427908
391,vanimo,-2.6741,141.3028,27.67,84,74,2.31,PG,1742427909
392,chinhoyi,-17.3667,30.2,16.99,93,83,1.73,ZW,1742427911
393,new plymouth,-39.0667,174.0833,21.0,100,10,4.33,NZ,1742427912
394,east ballina,-28.8667,153.5833,22.41,80,100,1.61,AU,1742427913
395,cabo san lucas,22.8909,-109.9124,26.17,50,40,3.09,MX,1742427914
396,muravlenko,63.7898,74.523,-18.05,100,87,3.39,RU,1742427915
397,yuksekova,37.5736,44.2872,4.86,65,75,3.09,TR,1742427916
398,manuguru,17.981,80.7547,22.24,94,0,2.02,IN,1742427917
399,mata-utu,-13.2816,-176.1745,28.64,75,87,5.37,WF,1742427918
400,cidreira,-30.1811,-50.2056,22.28,76,0,2.71,BR,1742427920
401,rabigh,22.7986,39.0349,27.09,49,0,2.0,SA,1742427921
402,luderitz,-26.6481,15.1594,22.44,83,100,4.64,,1742427922
403,carutapera,-1.195,-46.02,24.27,95,99,2.92,BR,1742427923
404,yeppoon,-23.1333,150.7333,24.65,83,100,4.71,AU,1742427925
405,lazaro cardenas,17.9583,-102.2,26.96,59,60,5.55,MX,1742427926
406,papao,-17.75,-149.55,29.82,74,10,3.02,PF,1742427927
407,boa vista,2.8197,-60.6733,29.99,58,40,5.14,BR,1742427756
408,al ghayzah,16.2079,52.176,24.09,77,36,1.86,YE,1742427929
409,zhanaozen,43.3,52.8,8.39,85,40,5.53,KZ,1742427930
410,puerto eldorado,-26.4084,-54.6946,22.73,34,0,0.73,AR,1742427931
411,mugia,43.1041,-9.2179,13.84,57,100,8.55,ES,1742427933
412,tolanaro,-25.0319,46.9987,22.85,85,91,5.7,MG,1742427934
413,datong,40.0936,113.2914,3.54,28,0,1.39,CN,1742427935
414,zeya,53.75,127.2667,-1.96,94,100,0.33,RU,1742427936
415,lospalos,-8.5186,127.0025,25.38,88,99,3.61,TL,1742427937
416,yueyang,29.3333,113.0919,13.45,52,3,1.98,CN,1742427938
417,den burg,53.0542,4.7972,5.99,75,8,0.51,NL,1742427939
418,rabak,13.1809,32.74,28.91,15,13,4.66,SD,1742427941
419,jiangyou,31.7667,104.7167,9.33,74,100,0.69,CN,1742427942
420,flying fish cove,-10.4217,105.6791,26.82,94,100,4.12,CX,1742427943
421,los lunas,34.8062,-106.7334,11.09,10,0,4.47,US,1742427944
422,carbonear,47.7332,-53.2148,0.08,95,95,6.11,CA,1742427945
423,san patricio,28.017,-97.5169,29.97,18,10,4.58,US,1742427947
424,beloyarskiy,63.7119,66.6722,-9.11,92,24,3.78,RU,1742427948
425,tsuyama,35.05,134.0,5.69,52,0,2.02,JP,1742427949
426,princeville,45.7668,-61.2985,0.35,93,75,1.54,CA,1742427950
427,inarajan village,13.2736,144.7484,29.66,82,81,7.22,GU,1742427951
428,alice springs,-23.7,133.8833,30.75,42,99,4.12,AU,1742427952
429,ocean city,39.2776,-74.5746,9.1,78,69,0.45,US,1742427953
430,northam,51.0333,-4.2167,8.56,90,50,3.06,GB,1742427955
431,pama,11.2497,0.7075,30.91,26,99,1.15,BF,1742427956
432,grand island,40.925,-98.342,2.23,71,0,10.8,US,1742427957
433,quang ngai,15.1167,108.8,18.67,84,100,2.01,VN,1742427958
434,mahenge,-8.6833,36.7167,18.46,90,86,1.05,TZ,1742427959
435,bolobo,-2.1667,16.2333,22.81,86,86,1.04,CD,1742427960
436,acapulco de juarez,16.8634,-99.8901,28.9,70,0,6.17,MX,1742427865
437,pavlodar,52.3,76.95,-1.11,80,0,5.0,KZ,1742427962
438,binzhou,37.3667,118.0167,10.11,32,0,5.06,CN,1742427964
439,joshimath,30.5667,79.5667,1.79,48,0,5.09,IN,1742427965
440,feijo,-8.1642,-70.3536,23.69,96,88,0.79,BR,1742427966
441,casablanca,33.5928,-7.6192,16.85,77,86,0.45,MA,1742427484
442,yorkton,51.2167,-102.4677,-0.09,64,0,3.6,CA,1742427952
443,tete,-16.1564,33.5867,22.05,100,20,0.0,MZ,1742427970
444,kudymkar,59.0173,54.656,-6.43,87,85,5.37,RU,1742427971
445,mossel bay,-34.1831,22.146,20.7,77,56,2.13,ZA,1742427729
446,anahuac,27.2333,-100.15,25.65,9,43,6.54,MX,1742427973
447,fedorovskiy,45.0972,40.9517,0.67,84,100,2.69,RU,1742427975
448,taroa,8.7058,171.2275,26.91,82,87,9.66,MH,1742427976
449,acarau,-2.8856,-40.12,25.51,85,57,3.24,BR,1742427977
450,tobol'sk,58.2,68.2667,-8.88,99,100,0.33,RU,1742427978
451,khadan khak,30.7477,67.7085,10.14,40,10,0.48,PK,1742427979
452,kapa'a,22.0752,-159.319,25.18,84,75,7.72,US,1742427980
453,ubari,26.5921,12.7805,23.39,20,24,7.55,LY,1742427981
454,el calafate,-50.3408,-72.2768,7.64,79,8,9.56,AR,1742427982
455,castelli,-25.9468,-60.6195,26.88,30,0,1.74,AR,1742427984
456,gouyave,12.1646,-61.7296,26.67,79,65,6.4,GD,1742427985
457,leninskoye,41.7589,69.3864,11.53,28,0,2.19,KZ,1742427986
458,ladan,50.5196,32.5818,1.84,84,96,3.75,UA,1742427987
459,riyadh,24.6877,46.7219,24.59,23,26,5.14,SA,1742427900
460,jerseyville,39.12,-90.3285,11.35,63,46,10.01,US,1742427990
461,aktau,43.65,51.2,8.32,84,100,6.44,KZ,1742427991
462,hauterive,46.0901,3.4459,6.1,78,23,2.6,FR,1742427992
463,nishinoomote,30.7333,131.0,10.31,61,75,6.17,JP,1742427993
464,sohag,26.557,31.6948,17.65,54,11,7.61,EG,1742427994
465,sandersville,32.9815,-82.8101,17.69,48,91,3.06,US,1742427996
466,segovia,41.1667,-4.0,9.06,77,89,9.18,ES,1742427997
467,wuwei,37.9281,102.6414,2.16,31,5,1.51,CN,1742427998
468,shimoda,34.6667,138.95,8.21,50,0,6.84,JP,1742427763
469,huai khot,15.2909,99.6166,23.38,47,37,0.35,TH,1742428000
470,alo,6.5486,4.2686,27.49,83,97,4.14,NG,1742428002
471,inhambane,-23.865,35.3833,23.19,84,43,3.63,MZ,1742428003
472,wotho,10.1657,166.0102,27.04,79,74,8.75,MH,1742428004
473,roma,43.2128,-75.4557,21.08,21,0,5.14,US,1742428005
474,ishigaki,24.3448,124.1572,15.07,55,20,4.12,JP,1742428006
475,tofol,5.3248,163.0078,28.88,79,100,3.6,FM,1742428007
476,issa,53.8705,44.8578,-1.85,93,33,6.33,RU,1742428008
477,saskatoon,52.1168,-106.6345,0.99,74,40,4.63,CA,1742427697
478,mindelo,16.8901,-24.9804,20.75,64,20,12.35,CV,1742428011
479,pacific grove,36.6177,-121.9166,13.53,80,98,2.68,US,1742428012
480,corbu,44.3833,28.65,2.85,75,0,3.6,RO,1742428013
481,indapur,18.3,73.25,22.94,53,0,1.72,IN,1742428014
482,praia da vitoria,38.7333,-27.0667,13.14,76,20,9.83,PT,1742428015
483,boguchany,58.3814,97.4531,0.35,99,100,1.53,RU,1742428016
484,dayr al balah,31.4166,34.3452,15.23,61,75,12.04,PS,1742427833
485,tukrah,32.5341,20.5791,11.87,59,0,8.38,LY,1742428019
486,yarmouth,41.7057,-70.2286,4.45,95,100,3.6,US,1742428020
487,stephenville,32.2207,-98.2023,15.07,29,0,11.32,US,1742428021
488,sao gabriel da cachoeira,-0.1303,-67.0892,23.3,99,92,1.35,BR,1742428022
489,turaif,31.6725,38.6637,12.14,47,0,5.14,SA,1742428023
490,tual,-5.6667,132.75,27.82,80,95,6.89,ID,1742428025
491,abancay,-13.6339,-72.8814,15.3,91,72,2.1,PE,1742428026
492,capo d'orlando,38.1435,14.7305,10.78,73,0,1.38,IT,1742428027
493,zemio,5.0314,25.1361,22.46,74,100,2.12,CF,1742428028
494,progreso,21.2833,-89.6667,24.67,74,4,6.01,MX,1742428029
495,kavaratti,10.5669,72.642,28.02,78,24,2.57,IN,1742428030
496,sechura,-5.5569,-80.8222,24.35,70,100,6.57,PE,1742428029
497,antsiranana,-12.2787,49.2917,25.05,85,87,4.08,MG,1742428033
498,revda,56.801,59.9303,-5.31,97,100,2.11,RU,1742428034
499,svetlyy,54.675,20.1347,2.31,77,0,3.44,RU,1742428035
500,ponot,8.452,123.0222,26.45,89,89,4.05,PH,1742428036
501,urangan,-25.3,152.9,25.73,74,90,5.11,AU,1742428038
502,north ward,-19.2454,146.8075,25.95,94,100,4.63,AU,1742428039
503,samraong,12.4526,105.5873,22.94,58,92,3.68,KH,1742428040
504,daru,-9.0763,143.2092,27.55,82,100,1.79,PG,1742428041
505,petal,31.3466,-89.2601,26.29,49,75,6.69,US,1742427857
506,ust-kamenogorsk,49.9789,82.6103,-7.04,93,13,2.0,KZ,1742428043
507,nova sintra,14.8667,-24.7167,20.99,81,0,11.52,CV,1742428044
508,horta,38.5333,-28.6333,13.9,83,75,7.15,PT,1742428045
509,el abiodh sidi cheikh,32.893,0.5484,15.12,21,43,3.2,DZ,1742428047
510,lerwick,60.1545,-1.1494,6.62,83,100,5.49,GB,1742428048
511,guaruja,-23.9931,-46.2564,23.77,26,39,3.13,BR,1742427808
512,ocos,14.5094,-92.1933,28.5,68,23,4.75,GT,1742428050
513,belyy yar,53.6039,91.3903,0.94,100,0,0.0,RU,1742428051
514,chonchi,-42.6128,-73.8092,16.18,99,99,1.25,CL,1742428052
515,maracaju,-21.6144,-55.1683,25.93,48,13,0.27,BR,1742428053
516,ciudad lazaro cardenas,17.9583,-102.2,26.96,59,60,5.55,MX,1742427958
517,monze,-16.2833,27.4833,15.38,93,33,1.21,ZM,1742428056
518,butembo,0.15,29.2833,13.21,98,99,0.65,CD,1742428057
519,kansipati,6.0011,121.2344,27.7,79,87,1.56,PH,1742428058
520,mao,39.8885,4.2658,14.31,94,75,6.17,ES,1742428059
521,le port,-20.9373,55.2919,24.98,77,95,0.76,RE,1742427891
522,gstaad,46.4721,7.2869,3.48,85,24,2.36,CH,1742428062
523,avsallar,36.616,31.7806,6.89,45,41,5.88,TR,1742428063
524,kilju,40.9642,129.3278,5.77,39,28,1.03,KP,1742428064
525,priargunsk,50.3691,119.1012,-3.51,89,42,2.91,RU,1742428065
526,turpan,42.9333,89.1667,9.24,16,0,1.82,CN,1742428066
527,essaouira,31.5125,-9.77,17.72,63,83,6.17,MA,1742428067
528,haag in oberbayern,48.1667,12.1833,0.15,95,0,1.06,DE,1742428068
529,malango,-2.9627,119.9001,21.14,93,100,1.13,ID,1742428070
530,pryamitsyno,51.6561,35.9314,2.3,90,95,4.13,RU,1742428071
531,jiujiang,29.7333,115.9833,13.71,42,23,1.89,CN,1742428072
532,ismayilli,40.779,48.1638,8.38,98,100,2.14,AZ,1742428073
533,rajapur,25.3833,81.15,20.45,39,30,0.34,IN,1742428074
534,tvoroyri,61.5556,-6.8111,6.71,80,43,3.94,FO,1742428075
535,sinabang,2.4803,96.3801,25.87,84,52,1.29,ID,1742428076
536,san fernando del valle de catamarca,-28.4696,-65.7852,23.0,37,10,7.45,AR,1742427805
537,plettenberg bay,-34.0527,23.3716,22.32,55,1,1.48,ZA,1742427874
538,alva,56.1528,-3.8051,-0.55,76,21,1.35,GB,1742428080
539,alotau,-10.3069,150.4462,31.05,62,81,2.45,PG,1742428081
540,kalix,65.853,23.1565,-11.43,88,51,2.82,SE,1742428082
541,rongelap,11.1635,166.8941,27.05,80,67,9.1,MH,1742428083
542,richmond,37.5538,-77.4603,21.1,37,100,5.66,US,1742427313
543,grants pass,42.439,-123.3284,13.38,47,100,4.12,US,1742428085
544,opuwo,-18.0607,13.84,19.46,93,96,1.99,,1742428087
545,zouerate,22.7187,-12.4521,20.73,27,0,6.47,MR,1742428088
546,waingapu,-9.6567,120.2641,27.05,79,79,3.4,ID,1742428089
547,kalawit,8.0667,122.5167,26.0,88,84,1.73,PH,1742428090
548,trang,7.5,99.5,24.97,94,20,1.03,TH,1742428083
549,gummi,12.1436,5.1081,28.49,7,100,4.27,NG,1742428093
550,soc trang,9.6033,105.98,25.23,75,99,2.29,VN,1742428094
551,bohuslav,49.5494,30.8744,1.6,81,78,3.05,UA,1742428095
552,liberal,37.0431,-100.921,7.08,45,75,11.83,US,1742428096
553,bonthe,7.5264,-12.505,24.67,92,95,0.36,SL,1742428097
554,basoko,1.2391,23.616,21.18,93,86,1.69,CD,1742428098
555,meadow lake,34.8014,-106.5436,9.88,10,0,9.38,US,1742428100
556,santana,-0.0583,-51.1817,28.1,83,0,3.09,BR,1742428101
557,hammerfest,70.6634,23.6821,-3.75,74,20,8.23,NO,1742428036
558,vikulovo,56.8167,70.6107,0.03,99,100,1.23,RU,1742428103
559,kununurra,-15.7667,128.7333,28.99,89,75,1.54,AU,1742428104
560,cururupu,-1.8283,-44.8683,22.86,99,45,0.56,BR,1742428105
561,hilo,19.7297,-155.09,23.86,90,100,1.34,US,1742427875
562,miracema do tocantins,-9.5618,-48.3967,24.56,88,96,0.7,BR,1742428107
563,benghazi,32.1167,20.0667,12.53,56,0,7.86,LY,1742428109
564,swakopmund,-22.6833,14.5333,19.65,98,100,5.42,,1742428110
565,ad dabbah,18.05,30.95,26.8,17,0,7.93,SD,1742428111
566,munnar,10.1,77.0667,13.81,94,42,2.16,IN,1742428112
567,chos malal,-37.3781,-70.2709,20.91,15,2,0.85,AR,1742428113
568,santa cruz,-17.8,-63.1667,27.03,69,40,3.09,BO,1742428076
569,nuevo arraijan,8.9167,-79.7167,29.97,54,0,6.69,PA,1742428115
570,bulgan,48.8125,103.5347,0.52,49,12,2.2,MN,1742428117
571,nchelenge,-9.3451,28.734,20.59,92,100,2.55,ZM,1742428118
572,pierre,44.3683,-100.351,6.51,33,0,8.23,US,1742428119
573,babylon,40.6957,-73.3257,11.0,69,0,5.66,US,1742427946
